"idm";"zona";"semana";"año";"semana_año";"edad";"genero";"ingreso";"dias_trabajados";"antiguedad";"rubro";"transacciones";"hrs_trabajadas";"cuarentena1";"hrs_diarias";"transacciones_hr";"ingreso_hr"
38;"zona 12";20;2020;"20-2020";52;0;54135;4;0;"Retail";5;9.0;0;2.26;0.5556;6015.0
60;"zona 29";7;2020;"7-2020";33;1;311025;5;2;"Vestuario";37;28.1;0;5.62;1.3167;11068.51
39;"zona 27";27;2020;"27-2020";36;1;88361;3;2;"Alimentos y Abarrotes";12;19.1;1;6.38;0.6283;4626.23
32;"zona 26";16;2021;"16-2021";42;1;142226;6;1;"Alimentos y Abarrotes";16;28.0;0;4.67;0.5714;5079.5
43;"zona 7";11;2021;"11-2021";26;1;47195;3;1;"Retail";4;7.4;0;2.46;0.5405;6377.7
22;"zona 11";50;2021;"50-2021";50;1;103813;5;3;"Alimentos y Abarrotes";9;25.9;0;5.17;0.3475;4008.22
29;"zona 29";13;2020;"13-2020";60;0;216065;4;1;"Retail";16;16.6;0;4.16;0.9639;13015.96
57;"zona 17";11;2020;"11-2020";52;0;340263;6;0;"Retail";40;38.0;0;6.34;1.0526;8954.29
52;"zona 24";51;2020;"51-2020";59;1;81010;4;3;"Oficios y Otros Servicios";9;15.5;0;3.87;0.5806;5226.45
5;"zona 4";44;2021;"44-2021";27;0;248655;5;0;"Retail";25;31.2;0;6.23;0.8013;7969.71
36;"zona 11";32;2021;"32-2021";42;0;221345;5;2;"Alimentos y Abarrotes";17;23.1;0;4.62;0.7359;9582.03
34;"zona 2";17;2020;"17-2020";52;1;200922;6;0;"Alimentos y Abarrotes";18;26.2;0;4.37;0.687;7668.78
46;"zona 7";47;2021;"47-2021";52;1;439676;4;2;"Vestuario";51;25.0;0;6.26;2.04;17587.04
10;"zona 32";20;2021;"20-2021";28;0;68212;3;1;"Oficios y Otros Servicios";6;14.2;0;4.74;0.4225;4803.66
15;"zona 24";9;2020;"9-2020";56;0;98744;3;0;"Oficios y Otros Servicios";14;10.8;0;3.61;1.2963;9142.96
45;"zona 21";31;2020;"31-2020";39;0;125028;4;0;"Oficios y Otros Servicios";14;19.6;0;4.91;0.7143;6378.98
48;"zona 7";47;2020;"47-2020";23;1;133068;3;1;"Alimentos y Abarrotes";10;18.2;0;6.07;0.5495;7311.43
26;"zona 18";27;2020;"27-2020";40;1;93772;6;1;"Oficios y Otros Servicios";7;24.9;0;4.15;0.2811;3765.94
2;"zona 32";50;2021;"50-2021";47;0;69811;5;1;"Oficios y Otros Servicios";5;12.5;0;2.5;0.4;5584.88
18;"zona 26";52;2020;"52-2020";41;0;116279;5;3;"Alimentos y Abarrotes";16;32.1;0;6.42;0.4984;3622.4
5;"zona 4";5;2020;"5-2020";27;0;268810;4;0;"Retail";33;17.8;0;4.46;1.8539;15101.69
26;"zona 18";7;2020;"7-2020";40;1;101192;6;1;"Oficios y Otros Servicios";13;20.9;0;3.49;0.622;4841.72
25;"zona 20";36;2020;"36-2020";59;1;252516;5;2;"Retail";18;32.5;0;6.49;0.5538;7769.72
25;"zona 20";38;2021;"38-2021";59;1;341515;5;2;"Retail";48;27.9;0;5.59;1.7204;12240.68
12;"zona 5";3;2021;"3-2021";39;0;240415;4;1;"Retail";18;17.0;0;4.26;1.0588;14142.06
14;"zona 6";30;2021;"30-2021";40;1;129589;5;1;"Alimentos y Abarrotes";16;25.1;0;5.02;0.6375;5162.91
16;"zona 18";45;2021;"45-2021";61;0;239302;5;1;"Comida Rápida";30;30.8;0;6.15;0.974;7769.55
59;"zona 12";28;2021;"28-2021";52;1;123431;4;2;"Alimentos y Abarrotes";13;15.6;0;3.89;0.8333;7912.24
47;"zona 10";2;2021;"2-2021";30;0;49296;4;2;"Alimentos y Abarrotes";6;12.0;0;3.01;0.5;4108.0
1;"zona 8";15;2021;"15-2021";23;0;375916;6;1;"Alimentos y Abarrotes";40;27.9;0;4.65;1.4337;13473.69
45;"zona 21";15;2020;"15-2020";39;0;72658;4;0;"Oficios y Otros Servicios";6;12.8;0;3.21;0.4688;5676.41
48;"zona 7";27;2021;"27-2021";23;1;65435;3;1;"Alimentos y Abarrotes";8;14.9;0;4.98;0.5369;4391.61
42;"zona 34";23;2021;"23-2021";45;0;99134;6;2;"Alimentos y Abarrotes";9;14.8;0;2.46;0.6081;6698.24
7;"zona 28";49;2020;"49-2020";36;1;319495;6;2;"Vestuario";33;24.9;0;4.15;1.3253;12831.12
13;"zona 29";51;2021;"51-2021";32;0;85475;3;0;"Retail";8;10.0;0;3.32;0.8;8547.5
4;"zona 32";43;2020;"43-2020";31;1;229578;5;0;"Alimentos y Abarrotes";26;31.0;0;6.19;0.8387;7405.74
55;"zona 19";3;2020;"3-2020";30;1;53496;5;1;"Comida Rápida";5;12.3;0;2.46;0.4065;4349.27
54;"zona 23";11;2020;"11-2020";35;1;78541;4;2;"Oficios y Otros Servicios";9;12.0;0;2.99;0.75;6545.08
15;"zona 24";4;2021;"4-2021";56;0;136556;4;0;"Oficios y Otros Servicios";13;21.4;0;5.34;0.6075;6381.12
44;"zona 31";34;2021;"34-2021";58;0;405794;6;0;"Comida Rápida";52;36.8;0;6.13;1.413;11027.01
31;"zona 31";2;2020;"2-2020";53;1;125869;5;1;"Comida Rápida";11;22.1;0;4.41;0.4977;5695.43
60;"zona 29";6;2020;"6-2020";33;1;90319;4;2;"Vestuario";8;14.2;0;3.55;0.5634;6360.49
5;"zona 4";22;2021;"22-2021";27;0;404831;5;0;"Retail";35;29.4;0;5.89;1.1905;13769.76
42;"zona 34";4;2020;"4-2020";45;0;164720;6;2;"Alimentos y Abarrotes";17;23.8;0;3.97;0.7143;6921.01
12;"zona 5";29;2020;"29-2020";39;0;210446;5;1;"Retail";16;17.5;1;3.5;0.9143;12025.49
32;"zona 26";15;2021;"15-2021";42;1;127941;5;1;"Alimentos y Abarrotes";12;22.5;0;4.49;0.5333;5686.27
35;"zona 6";24;2020;"24-2020";30;1;102059;6;0;"Alimentos y Abarrotes";12;23.3;0;3.88;0.515;4380.21
29;"zona 29";27;2021;"27-2021";60;0;112392;4;1;"Retail";15;15.0;0;3.75;1.0;7492.8
22;"zona 11";49;2021;"49-2021";50;1;87943;3;3;"Alimentos y Abarrotes";8;13.7;0;4.58;0.5839;6419.2
34;"zona 2";37;2020;"37-2020";52;1;108442;3;0;"Alimentos y Abarrotes";13;16.8;0;5.6;0.7738;6454.88
59;"zona 12";33;2020;"33-2020";52;1;134917;5;2;"Alimentos y Abarrotes";10;18.9;0;3.77;0.5291;7138.47
22;"zona 11";40;2021;"40-2021";50;1;59816;6;3;"Alimentos y Abarrotes";6;19.4;0;3.24;0.3093;3083.3
41;"zona 27";40;2021;"40-2021";57;1;124859;4;1;"Alimentos y Abarrotes";10;22.5;0;5.63;0.4444;5549.29
38;"zona 12";10;2021;"10-2021";52;0;374085;4;0;"Retail";28;24.8;0;6.19;1.129;15084.07
33;"zona 9";49;2021;"49-2021";41;1;267768;5;1;"Vestuario";30;31.8;0;6.35;0.9434;8420.38
35;"zona 6";23;2020;"23-2020";30;1;98498;6;0;"Alimentos y Abarrotes";8;15.7;0;2.61;0.5096;6273.76
21;"zona 34";25;2020;"25-2020";45;1;75872;3;2;"Comida Rápida";7;14.6;0;4.86;0.4795;5196.71
35;"zona 6";28;2020;"28-2020";30;1;50860;4;0;"Alimentos y Abarrotes";5;13.4;1;3.34;0.3731;3795.52
50;"zona 27";30;2021;"30-2021";24;1;167504;4;0;"Alimentos y Abarrotes";15;25.4;0;6.34;0.5906;6594.65
26;"zona 18";3;2021;"3-2021";40;1;120834;3;1;"Oficios y Otros Servicios";13;10.0;0;3.34;1.3;12083.4
48;"zona 7";34;2021;"34-2021";23;1;84150;4;1;"Alimentos y Abarrotes";8;14.4;0;3.61;0.5556;5843.75
14;"zona 6";7;2021;"7-2021";40;1;78919;4;1;"Alimentos y Abarrotes";7;16.5;0;4.12;0.4242;4782.97
33;"zona 9";38;2021;"38-2021";41;1;220367;6;1;"Vestuario";16;26.4;0;4.4;0.6061;8347.23
53;"zona 13";25;2021;"25-2021";42;1;154609;6;1;"Vestuario";12;34.2;0;5.7;0.3509;4520.73
32;"zona 26";6;2020;"6-2020";42;1;105647;4;1;"Alimentos y Abarrotes";14;15.8;0;3.94;0.8861;6686.52
29;"zona 29";24;2021;"24-2021";60;0;102218;3;1;"Retail";14;13.2;0;4.41;1.0606;7743.79
36;"zona 11";33;2021;"33-2021";42;0;73830;3;2;"Alimentos y Abarrotes";10;7.8;0;2.61;1.2821;9465.38
3;"zona 5";16;2021;"16-2021";56;0;201754;6;1;"Alimentos y Abarrotes";20;33.8;0;5.63;0.5917;5969.05
44;"zona 31";26;2021;"26-2021";58;0;198470;4;0;"Comida Rápida";20;19.1;0;4.78;1.0471;10391.1
36;"zona 11";42;2020;"42-2020";42;0;51409;5;2;"Alimentos y Abarrotes";6;15.6;0;3.13;0.3846;3295.45
42;"zona 34";16;2020;"16-2020";45;0;143274;5;2;"Alimentos y Abarrotes";11;13.8;1;2.76;0.7971;10382.17
27;"zona 8";49;2021;"49-2021";43;1;208968;4;1;"Comida Rápida";17;21.7;0;5.43;0.7834;9629.86
23;"zona 9";9;2021;"9-2021";61;0;88424;5;1;"Alimentos y Abarrotes";8;23.8;0;4.76;0.3361;3715.29
23;"zona 9";20;2021;"20-2021";61;0;64069;6;1;"Alimentos y Abarrotes";6;14.0;0;2.33;0.4286;4576.36
31;"zona 31";52;2021;"52-2021";53;1;49347;4;1;"Comida Rápida";4;9.9;0;2.48;0.404;4984.55
13;"zona 29";39;2020;"39-2020";32;0;142084;6;0;"Retail";17;34.5;0;5.75;0.4928;4118.38
4;"zona 32";38;2020;"38-2020";31;1;79889;3;0;"Alimentos y Abarrotes";7;14.4;0;4.79;0.4861;5547.85
4;"zona 32";49;2021;"49-2021";31;1;44910;3;0;"Alimentos y Abarrotes";6;6.1;0;2.04;0.9836;7362.3
39;"zona 27";10;2020;"10-2020";36;1;151313;3;2;"Alimentos y Abarrotes";21;18.6;0;6.2;1.129;8135.11
24;"zona 33";21;2020;"21-2020";57;1;75067;5;0;"Alimentos y Abarrotes";7;14.2;0;2.85;0.493;5286.41
23;"zona 9";41;2021;"41-2021";61;0;152879;5;1;"Alimentos y Abarrotes";12;24.4;0;4.89;0.4918;6265.53
27;"zona 8";20;2021;"20-2021";43;1;114348;4;1;"Comida Rápida";10;15.3;0;3.82;0.6536;7473.73
56;"zona 27";9;2020;"9-2020";23;1;87003;3;2;"Alimentos y Abarrotes";6;18.0;0;6.01;0.3333;4833.5
43;"zona 7";37;2021;"37-2021";26;1;72321;3;1;"Retail";6;8.0;0;2.68;0.75;9040.12
7;"zona 28";35;2021;"35-2021";36;1;40955;3;2;"Vestuario";3;7.9;0;2.62;0.3797;5184.18
12;"zona 5";48;2020;"48-2020";39;0;57502;3;1;"Retail";4;11.9;0;3.95;0.3361;4832.1
21;"zona 34";18;2021;"18-2021";45;1;116192;3;2;"Comida Rápida";12;16.8;0;5.6;0.7143;6916.19
18;"zona 26";29;2021;"29-2021";41;0;161273;4;3;"Alimentos y Abarrotes";13;14.6;0;3.64;0.8904;11046.1
10;"zona 32";29;2021;"29-2021";28;0;90185;3;1;"Oficios y Otros Servicios";10;14.1;0;4.69;0.7092;6396.1
9;"zona 16";52;2021;"52-2021";27;1;278403;5;3;"Comida Rápida";31;17.6;0;3.53;1.7614;15818.35
8;"zona 2";40;2021;"40-2021";27;0;290333;6;1;"Alimentos y Abarrotes";31;24.5;0;4.09;1.2653;11850.33
21;"zona 34";22;2021;"22-2021";45;1;122075;4;2;"Comida Rápida";11;16.9;0;4.23;0.6509;7223.37
45;"zona 21";32;2021;"32-2021";39;0;172708;6;0;"Oficios y Otros Servicios";18;16.8;0;2.8;1.0714;10280.24
52;"zona 24";2;2021;"2-2021";59;1;110776;5;3;"Oficios y Otros Servicios";12;21.5;0;4.31;0.5581;5152.37
10;"zona 32";29;2021;"29-2021";28;0;60612;3;1;"Oficios y Otros Servicios";7;12.3;0;4.11;0.5691;4927.8
24;"zona 33";26;2020;"26-2020";57;1;127629;5;0;"Alimentos y Abarrotes";11;22.5;1;4.51;0.4889;5672.4
38;"zona 12";15;2020;"15-2020";52;0;82197;3;0;"Retail";8;6.6;0;2.2;1.2121;12454.09
45;"zona 21";18;2020;"18-2020";39;0;168536;6;0;"Oficios y Otros Servicios";23;25.6;1;4.27;0.8984;6583.44
47;"zona 10";15;2020;"15-2020";30;0;77118;5;2;"Alimentos y Abarrotes";8;17.0;0;3.4;0.4706;4536.35
35;"zona 6";18;2020;"18-2020";30;1;263077;5;0;"Alimentos y Abarrotes";26;22.2;0;4.44;1.1712;11850.32
25;"zona 20";17;2021;"17-2021";59;1;176983;4;2;"Retail";16;21.0;0;5.25;0.7619;8427.76
5;"zona 4";3;2020;"3-2020";27;0;110479;5;0;"Retail";9;18.2;0;3.64;0.4945;6070.27
23;"zona 9";22;2020;"22-2020";61;0;184752;5;1;"Alimentos y Abarrotes";15;29.4;0;5.88;0.5102;6284.08
8;"zona 2";30;2020;"30-2020";27;0;130655;5;1;"Alimentos y Abarrotes";17;13.8;0;2.76;1.2319;9467.75
1;"zona 8";14;2020;"14-2020";23;0;80605;5;1;"Alimentos y Abarrotes";9;12.3;0;2.46;0.7317;6553.25
9;"zona 16";20;2020;"20-2020";27;1;156738;5;3;"Comida Rápida";13;20.6;0;4.13;0.6311;7608.64
39;"zona 27";18;2021;"18-2021";36;1;42426;3;2;"Alimentos y Abarrotes";6;13.7;0;4.57;0.438;3096.79
45;"zona 21";46;2021;"46-2021";39;0;71428;6;0;"Oficios y Otros Servicios";5;15.7;0;2.61;0.3185;4549.55
31;"zona 31";34;2020;"34-2020";53;1;70828;3;1;"Comida Rápida";5;9.1;0;3.03;0.5495;7783.3
28;"zona 33";26;2020;"26-2020";34;1;105423;3;1;"Alimentos y Abarrotes";11;16.1;1;5.36;0.6832;6548.01
6;"zona 21";33;2020;"33-2020";49;0;330700;6;1;"Comida Rápida";28;33.4;0;5.57;0.8383;9901.2
60;"zona 29";17;2021;"17-2021";33;1;190655;5;2;"Vestuario";20;18.1;0;3.62;1.105;10533.43
35;"zona 6";36;2020;"36-2020";30;1;76416;4;0;"Alimentos y Abarrotes";8;16.8;0;4.2;0.4762;4548.57
43;"zona 7";10;2021;"10-2021";26;1;81306;3;1;"Retail";7;10.9;0;3.62;0.6422;7459.27
4;"zona 32";33;2020;"33-2020";31;1;73516;5;0;"Alimentos y Abarrotes";8;13.0;0;2.6;0.6154;5655.08
32;"zona 26";23;2020;"23-2020";42;1;111207;5;1;"Alimentos y Abarrotes";9;29.4;1;5.89;0.3061;3782.55
8;"zona 2";41;2021;"41-2021";27;0;197182;6;1;"Alimentos y Abarrotes";14;31.1;0;5.18;0.4502;6340.26
18;"zona 26";16;2020;"16-2020";41;0;137413;5;3;"Alimentos y Abarrotes";12;14.5;1;2.89;0.8276;9476.76
48;"zona 7";40;2021;"40-2021";23;1;135185;5;1;"Alimentos y Abarrotes";10;29.8;0;5.95;0.3356;4536.41
51;"zona 26";7;2021;"7-2021";43;0;194636;4;1;"Comida Rápida";16;21.4;0;5.34;0.7477;9095.14
49;"zona 18";12;2021;"12-2021";46;0;466643;6;1;"Comida Rápida";35;33.1;0;5.51;1.0574;14097.98
40;"zona 29";2;2020;"2-2020";39;1;300051;6;1;"Retail";39;35.1;0;5.85;1.1111;8548.46
32;"zona 26";37;2020;"37-2020";42;1;96457;4;1;"Alimentos y Abarrotes";11;20.3;0;5.08;0.5419;4751.58
51;"zona 26";48;2020;"48-2020";43;0;121069;5;1;"Comida Rápida";11;14.6;0;2.91;0.7534;8292.4
39;"zona 27";1;2021;"1-2021";36;1;253320;6;2;"Alimentos y Abarrotes";24;34.9;0;5.82;0.6877;7258.45
20;"zona 25";46;2020;"46-2020";54;1;106963;3;3;"Vestuario";8;9.8;0;3.28;0.8163;10914.59
52;"zona 24";8;2020;"8-2020";59;1;191271;5;3;"Oficios y Otros Servicios";17;20.0;0;4.01;0.85;9563.55
13;"zona 29";15;2020;"15-2020";32;0;512900;5;0;"Retail";50;20.4;1;4.07;2.451;25142.16
59;"zona 12";12;2021;"12-2021";52;1;53599;4;2;"Alimentos y Abarrotes";4;17.0;0;4.25;0.2353;3152.88
30;"zona 1";16;2021;"16-2021";35;0;123885;4;0;"Vestuario";14;15.1;0;3.78;0.9272;8204.3
46;"zona 7";13;2021;"13-2021";52;1;140493;3;2;"Vestuario";19;17.7;0;5.9;1.0734;7937.46
33;"zona 9";37;2021;"37-2021";41;1;65937;4;1;"Vestuario";7;13.9;0;3.47;0.5036;4743.67
53;"zona 13";41;2021;"41-2021";42;1;220140;4;1;"Vestuario";16;13.4;0;3.34;1.194;16428.36
13;"zona 29";2;2021;"2-2021";32;0;205379;6;0;"Retail";17;19.4;0;3.24;0.8763;10586.55
46;"zona 7";18;2021;"18-2021";52;1;147829;5;2;"Vestuario";17;24.8;0;4.95;0.6855;5960.85
57;"zona 17";39;2020;"39-2020";52;0;227026;3;0;"Retail";20;15.8;0;5.26;1.2658;14368.73
53;"zona 13";27;2021;"27-2021";42;1;195445;6;1;"Vestuario";20;24.2;0;4.03;0.8264;8076.24
12;"zona 5";46;2021;"46-2021";39;0;361751;6;1;"Retail";26;22.4;0;3.74;1.1607;16149.6
50;"zona 27";45;2021;"45-2021";24;1;32537;3;0;"Alimentos y Abarrotes";3;6.6;0;2.21;0.4545;4929.85
5;"zona 4";23;2021;"23-2021";27;0;354395;5;0;"Retail";30;28.5;0;5.69;1.0526;12434.91
35;"zona 6";46;2021;"46-2021";30;1;196012;6;0;"Alimentos y Abarrotes";22;25.2;0;4.2;0.873;7778.25
13;"zona 29";11;2020;"11-2020";32;0;157562;4;0;"Retail";18;9.4;0;2.36;1.9149;16761.91
57;"zona 17";27;2021;"27-2021";52;0;103983;5;0;"Retail";12;12.4;0;2.48;0.9677;8385.73
11;"zona 2";6;2021;"6-2021";39;1;125342;6;1;"Retail";10;21.4;0;3.57;0.4673;5857.1
39;"zona 27";52;2020;"52-2020";36;1;72616;3;2;"Alimentos y Abarrotes";8;18.9;0;6.29;0.4233;3842.12
59;"zona 12";44;2020;"44-2020";52;1;251978;6;2;"Alimentos y Abarrotes";35;28.6;0;4.76;1.2238;8810.42
17;"zona 26";34;2021;"34-2021";26;1;47951;5;0;"Oficios y Otros Servicios";7;11.0;0;2.2;0.6364;4359.18
60;"zona 29";31;2020;"31-2020";33;1;69873;3;2;"Vestuario";5;8.4;0;2.79;0.5952;8318.21
23;"zona 9";42;2020;"42-2020";61;0;237442;5;1;"Alimentos y Abarrotes";21;24.6;0;4.93;0.8537;9652.11
44;"zona 31";51;2021;"51-2021";58;0;116651;5;0;"Comida Rápida";10;17.0;0;3.4;0.5882;6861.82
8;"zona 2";4;2020;"4-2020";27;0;105467;5;1;"Alimentos y Abarrotes";9;18.6;0;3.71;0.4839;5670.27
33;"zona 9";16;2021;"16-2021";41;1;401984;5;1;"Vestuario";53;24.8;0;4.96;2.1371;16209.03
43;"zona 7";13;2021;"13-2021";26;1;38409;3;1;"Retail";5;6.4;0;2.12;0.7812;6001.41
47;"zona 10";26;2021;"26-2021";30;0;259099;6;2;"Alimentos y Abarrotes";31;38.0;0;6.34;0.8158;6818.39
42;"zona 34";42;2021;"42-2021";45;0;68036;5;2;"Alimentos y Abarrotes";8;13.9;0;2.78;0.5755;4894.68
39;"zona 27";21;2021;"21-2021";36;1;88911;3;2;"Alimentos y Abarrotes";8;13.5;0;4.49;0.5926;6586.0
7;"zona 28";27;2020;"27-2020";36;1;150421;6;2;"Vestuario";11;23.2;1;3.87;0.4741;6483.66
44;"zona 31";45;2021;"45-2021";58;0;75580;4;0;"Comida Rápida";8;8.9;0;2.22;0.8989;8492.13
26;"zona 18";23;2021;"23-2021";40;1;43094;4;1;"Oficios y Otros Servicios";5;13.2;0;3.31;0.3788;3264.7
15;"zona 24";33;2021;"33-2021";56;0;47020;3;0;"Oficios y Otros Servicios";4;12.1;0;4.03;0.3306;3885.95
58;"zona 13";37;2021;"37-2021";55;1;195297;6;2;"Alimentos y Abarrotes";18;32.8;0;5.46;0.5488;5954.18
3;"zona 5";29;2021;"29-2021";56;0;86834;6;1;"Alimentos y Abarrotes";8;15.2;0;2.54;0.5263;5712.76
40;"zona 29";29;2021;"29-2021";39;1;75017;4;1;"Retail";8;8.6;0;2.16;0.9302;8722.91
21;"zona 34";9;2021;"9-2021";45;1;60650;3;2;"Comida Rápida";5;10.8;0;3.59;0.463;5615.74
56;"zona 27";39;2021;"39-2021";23;1;240020;3;2;"Alimentos y Abarrotes";18;17.9;0;5.95;1.0056;13408.94
29;"zona 29";43;2020;"43-2020";60;0;105996;4;1;"Retail";10;15.4;0;3.86;0.6494;6882.86
56;"zona 27";29;2020;"29-2020";23;1;296315;6;2;"Alimentos y Abarrotes";23;35.4;0;5.9;0.6497;8370.48
57;"zona 17";48;2021;"48-2021";52;0;319120;4;0;"Retail";32;23.4;0;5.85;1.3675;13637.61
55;"zona 19";27;2020;"27-2020";30;1;90611;3;1;"Comida Rápida";11;12.5;0;4.17;0.88;7248.88
11;"zona 2";40;2021;"40-2021";39;1;278919;6;1;"Retail";26;28.9;0;4.81;0.8997;9651.18
37;"zona 7";34;2020;"34-2020";22;1;144531;6;2;"Alimentos y Abarrotes";10;12.2;0;2.04;0.8197;11846.8
16;"zona 18";36;2021;"36-2021";61;0;167652;3;1;"Comida Rápida";23;14.2;0;4.74;1.6197;11806.48
55;"zona 19";32;2021;"32-2021";30;1;252355;6;1;"Comida Rápida";24;35.9;0;5.99;0.6685;7029.39
2;"zona 32";10;2020;"10-2020";47;0;180928;5;1;"Oficios y Otros Servicios";17;27.1;0;5.43;0.6273;6676.31
33;"zona 9";7;2020;"7-2020";41;1;135899;4;1;"Vestuario";19;19.8;0;4.96;0.9596;6863.59
60;"zona 29";40;2021;"40-2021";33;1;158746;5;2;"Vestuario";16;20.4;0;4.09;0.7843;7781.67
58;"zona 13";31;2020;"31-2020";55;1;42431;3;2;"Alimentos y Abarrotes";5;9.5;0;3.16;0.5263;4466.42
47;"zona 10";44;2021;"44-2021";30;0;151684;4;2;"Alimentos y Abarrotes";18;14.2;0;3.54;1.2676;10681.97
19;"zona 4";43;2020;"43-2020";62;0;259704;5;0;"Alimentos y Abarrotes";32;29.7;0;5.94;1.0774;8744.24
6;"zona 21";32;2021;"32-2021";49;0;310425;6;1;"Comida Rápida";40;18.6;0;3.1;2.1505;16689.52
47;"zona 10";25;2020;"25-2020";30;0;240180;5;2;"Alimentos y Abarrotes";33;27.3;0;5.47;1.2088;8797.8
3;"zona 5";17;2020;"17-2020";56;0;414540;6;1;"Alimentos y Abarrotes";42;38.0;1;6.34;1.1053;10908.95
50;"zona 27";45;2020;"45-2020";24;1;91805;4;0;"Alimentos y Abarrotes";8;21.2;0;5.29;0.3774;4330.42
43;"zona 7";24;2020;"24-2020";26;1;69150;5;1;"Retail";8;14.2;0;2.84;0.5634;4869.72
27;"zona 8";1;2020;"1-2020";43;1;242179;5;1;"Comida Rápida";29;27.8;0;5.56;1.0432;8711.47
2;"zona 32";34;2021;"34-2021";47;0;290250;5;1;"Oficios y Otros Servicios";27;31.9;0;6.37;0.8464;9098.75
58;"zona 13";52;2020;"52-2020";55;1;99490;5;2;"Alimentos y Abarrotes";8;19.3;0;3.86;0.4145;5154.92
17;"zona 26";19;2021;"19-2021";26;1;96485;3;0;"Oficios y Otros Servicios";8;11.5;0;3.82;0.6957;8390.0
20;"zona 25";46;2020;"46-2020";54;1;122154;4;3;"Vestuario";10;13.2;0;3.31;0.7576;9254.09
36;"zona 11";37;2020;"37-2020";42;0;94691;6;2;"Alimentos y Abarrotes";7;33.3;0;5.55;0.2102;2843.57
48;"zona 7";33;2020;"33-2020";23;1;85860;3;1;"Alimentos y Abarrotes";8;9.8;0;3.27;0.8163;8761.22
14;"zona 6";14;2021;"14-2021";40;1;116670;6;1;"Alimentos y Abarrotes";8;24.0;0;4.0;0.3333;4861.25
24;"zona 33";29;2021;"29-2021";57;1;95304;4;0;"Alimentos y Abarrotes";7;10.5;0;2.63;0.6667;9076.57
30;"zona 1";10;2021;"10-2021";35;0;93158;4;0;"Vestuario";9;13.9;0;3.48;0.6475;6702.01
24;"zona 33";25;2020;"25-2020";57;1;215631;5;0;"Alimentos y Abarrotes";27;28.6;1;5.71;0.9441;7539.55
49;"zona 18";26;2021;"26-2021";46;0;75317;4;1;"Comida Rápida";10;9.4;0;2.35;1.0638;8012.45
34;"zona 2";31;2021;"31-2021";52;1;88227;3;0;"Alimentos y Abarrotes";10;11.9;0;3.97;0.8403;7414.03
60;"zona 29";8;2021;"8-2021";33;1;295044;5;2;"Vestuario";36;29.5;0;5.9;1.2203;10001.49
6;"zona 21";14;2021;"14-2021";49;0;316248;6;1;"Comida Rápida";31;33.2;0;5.54;0.9337;9525.54
34;"zona 2";47;2020;"47-2020";52;1;57592;4;0;"Alimentos y Abarrotes";5;14.3;0;3.57;0.3497;4027.41
4;"zona 32";48;2020;"48-2020";31;1;77974;5;0;"Alimentos y Abarrotes";6;11.3;0;2.26;0.531;6900.35
6;"zona 21";6;2021;"6-2021";49;0;141707;4;1;"Comida Rápida";20;20.1;0;5.03;0.995;7050.1
1;"zona 8";15;2020;"15-2020";23;0;161599;5;1;"Alimentos y Abarrotes";19;19.1;0;3.81;0.9948;8460.68
33;"zona 9";29;2020;"29-2020";41;1;202833;3;1;"Vestuario";19;17.1;0;5.69;1.1111;11861.58
4;"zona 32";11;2021;"11-2021";31;1;294592;6;0;"Alimentos y Abarrotes";21;34.5;0;5.75;0.6087;8538.9
42;"zona 34";38;2021;"38-2021";45;0;98647;3;2;"Alimentos y Abarrotes";9;10.5;0;3.51;0.8571;9394.95
37;"zona 7";21;2021;"21-2021";22;1;87456;4;2;"Alimentos y Abarrotes";8;12.5;0;3.12;0.64;6996.48
54;"zona 23";23;2021;"23-2021";35;1;82022;4;2;"Oficios y Otros Servicios";11;20.1;0;5.02;0.5473;4080.7
51;"zona 26";27;2020;"27-2020";43;0;261168;5;1;"Comida Rápida";21;28.9;0;5.79;0.7266;9036.96
3;"zona 5";16;2020;"16-2020";56;0;81352;6;1;"Alimentos y Abarrotes";6;15.8;1;2.63;0.3797;5148.86
39;"zona 27";24;2021;"24-2021";36;1;450374;6;2;"Alimentos y Abarrotes";42;38.9;0;6.49;1.0797;11577.74
24;"zona 33";33;2021;"33-2021";57;1;29672;3;0;"Alimentos y Abarrotes";3;6.6;0;2.2;0.4545;4495.76
42;"zona 34";1;2021;"1-2021";45;0;128877;5;2;"Alimentos y Abarrotes";10;14.7;0;2.94;0.6803;8767.14
12;"zona 5";7;2021;"7-2021";39;0;145661;6;1;"Retail";13;12.4;0;2.07;1.0484;11746.85
26;"zona 18";42;2020;"42-2020";40;1;121257;4;1;"Oficios y Otros Servicios";9;17.6;0;4.41;0.5114;6889.6
9;"zona 16";37;2021;"37-2021";27;1;154651;6;3;"Comida Rápida";15;21.1;0;3.51;0.7109;7329.43
18;"zona 26";41;2021;"41-2021";41;0;61742;5;3;"Alimentos y Abarrotes";7;13.4;0;2.68;0.5224;4607.61
29;"zona 29";47;2020;"47-2020";60;0;528535;5;1;"Retail";61;23.0;0;4.6;2.6522;22979.78
34;"zona 2";41;2021;"41-2021";52;1;83079;4;0;"Alimentos y Abarrotes";7;11.4;0;2.84;0.614;7287.63
22;"zona 11";11;2021;"11-2021";50;1;139838;4;3;"Alimentos y Abarrotes";17;22.3;0;5.57;0.7623;6270.76
33;"zona 9";38;2020;"38-2020";41;1;338176;4;1;"Vestuario";33;20.3;0;5.07;1.6256;16658.92
20;"zona 25";6;2021;"6-2021";54;1;116754;5;3;"Vestuario";10;15.0;0;3.01;0.6667;7783.6
58;"zona 13";15;2021;"15-2021";55;1;68017;4;2;"Alimentos y Abarrotes";6;16.2;0;4.05;0.3704;4198.58
53;"zona 13";5;2020;"5-2020";42;1;62855;3;1;"Vestuario";5;8.4;0;2.8;0.5952;7482.74
12;"zona 5";1;2021;"1-2021";39;0;397634;5;1;"Retail";34;26.3;0;5.27;1.2928;15119.16
30;"zona 1";49;2021;"49-2021";35;0;276970;5;0;"Vestuario";25;30.6;0;6.11;0.817;9051.31
41;"zona 27";46;2020;"46-2020";57;1;212926;5;1;"Alimentos y Abarrotes";26;31.3;0;6.26;0.8307;6802.75
19;"zona 4";45;2020;"45-2020";62;0;100079;4;0;"Alimentos y Abarrotes";8;21.0;0;5.25;0.381;4765.67
39;"zona 27";34;2020;"34-2020";36;1;106695;6;2;"Alimentos y Abarrotes";11;30.9;0;5.15;0.356;3452.91
35;"zona 6";11;2021;"11-2021";30;1;235345;6;0;"Alimentos y Abarrotes";22;27.3;0;4.55;0.8059;8620.7
29;"zona 29";51;2021;"51-2021";60;0;220855;5;1;"Retail";27;25.6;0;5.13;1.0547;8627.15
34;"zona 2";34;2020;"34-2020";52;1;93485;4;0;"Alimentos y Abarrotes";9;17.9;0;4.48;0.5028;5222.63
27;"zona 8";16;2021;"16-2021";43;1;36721;3;1;"Comida Rápida";3;9.5;0;3.17;0.3158;3865.37
49;"zona 18";8;2020;"8-2020";46;0;125174;4;1;"Comida Rápida";11;20.5;0;5.13;0.5366;6106.05
28;"zona 33";24;2021;"24-2021";34;1;224629;6;1;"Alimentos y Abarrotes";30;24.1;0;4.02;1.2448;9320.71
25;"zona 20";10;2021;"10-2021";59;1;44789;4;2;"Retail";6;8.6;0;2.14;0.6977;5208.02
60;"zona 29";4;2020;"4-2020";33;1;191091;4;2;"Vestuario";19;22.6;0;5.66;0.8407;8455.35
33;"zona 9";29;2020;"29-2020";41;1;321441;6;1;"Vestuario";34;32.9;1;5.48;1.0334;9770.24
37;"zona 7";48;2020;"48-2020";22;1;214030;6;2;"Alimentos y Abarrotes";27;20.0;0;3.33;1.35;10701.5
6;"zona 21";43;2021;"43-2021";49;0;235139;6;1;"Comida Rápida";28;20.8;0;3.47;1.3462;11304.76
51;"zona 26";33;2020;"33-2020";43;0;322239;5;1;"Comida Rápida";29;26.0;0;5.2;1.1154;12393.81
30;"zona 1";35;2021;"35-2021";35;0;85077;5;0;"Vestuario";8;16.9;0;3.39;0.4734;5034.14
35;"zona 6";11;2021;"11-2021";30;1;150723;4;0;"Alimentos y Abarrotes";13;22.1;0;5.53;0.5882;6820.05
19;"zona 4";6;2021;"6-2021";62;0;129001;4;0;"Alimentos y Abarrotes";11;24.5;0;6.13;0.449;5265.35
23;"zona 9";34;2021;"34-2021";61;0;218976;6;1;"Alimentos y Abarrotes";23;32.8;0;5.46;0.7012;6676.1
50;"zona 27";7;2021;"7-2021";24;1;105815;6;0;"Alimentos y Abarrotes";13;13.3;0;2.21;0.9774;7956.02
51;"zona 26";45;2021;"45-2021";43;0;242964;3;1;"Comida Rápida";22;18.5;0;6.17;1.1892;13133.19
44;"zona 31";46;2021;"46-2021";58;0;146885;3;0;"Comida Rápida";19;12.8;0;4.26;1.4844;11475.39
16;"zona 18";6;2020;"6-2020";61;0;96479;3;1;"Comida Rápida";9;7.3;0;2.42;1.2329;13216.3
56;"zona 27";40;2020;"40-2020";23;1;91545;5;2;"Alimentos y Abarrotes";9;13.8;0;2.75;0.6522;6633.7
24;"zona 33";26;2020;"26-2020";57;1;67587;4;0;"Alimentos y Abarrotes";6;11.9;1;2.97;0.5042;5679.58
9;"zona 16";42;2021;"42-2021";27;1;117739;6;3;"Comida Rápida";12;24.1;0;4.02;0.4979;4885.44
13;"zona 29";40;2020;"40-2020";32;0;347115;5;0;"Retail";27;25.2;0;5.05;1.0714;13774.4
5;"zona 4";23;2020;"23-2020";27;0;295982;6;0;"Retail";23;38.3;0;6.38;0.6005;7727.99
16;"zona 18";39;2021;"39-2021";61;0;187811;5;1;"Comida Rápida";16;20.2;0;4.04;0.7921;9297.57
50;"zona 27";1;2020;"1-2020";24;1;167567;5;0;"Alimentos y Abarrotes";15;18.0;0;3.6;0.8333;9309.28
10;"zona 32";37;2020;"37-2020";28;0;34464;3;1;"Oficios y Otros Servicios";3;8.0;0;2.68;0.375;4308.0
16;"zona 18";39;2021;"39-2021";61;0;164632;5;1;"Comida Rápida";14;17.9;0;3.58;0.7821;9197.32
54;"zona 23";3;2020;"3-2020";35;1;146920;5;2;"Oficios y Otros Servicios";17;22.2;0;4.45;0.7658;6618.02
45;"zona 21";46;2021;"46-2021";39;0;104942;5;0;"Oficios y Otros Servicios";12;19.6;0;3.91;0.6122;5354.18
20;"zona 25";5;2021;"5-2021";54;1;151918;3;3;"Vestuario";13;17.3;0;5.77;0.7514;8781.39
41;"zona 27";4;2021;"4-2021";57;1;57544;3;1;"Alimentos y Abarrotes";7;8.0;0;2.66;0.875;7193.0
58;"zona 13";16;2021;"16-2021";55;1;135099;5;2;"Alimentos y Abarrotes";18;12.1;0;2.42;1.4876;11165.21
28;"zona 33";15;2021;"15-2021";34;1;78721;4;1;"Alimentos y Abarrotes";6;16.3;0;4.07;0.3681;4829.51
17;"zona 26";5;2021;"5-2021";26;1;200287;6;0;"Oficios y Otros Servicios";17;35.3;0;5.88;0.4816;5673.85
36;"zona 11";49;2020;"49-2020";42;0;196930;6;2;"Alimentos y Abarrotes";20;25.2;0;4.2;0.7937;7814.68
28;"zona 33";42;2020;"42-2020";34;1;127890;5;1;"Alimentos y Abarrotes";16;12.6;0;2.53;1.2698;10150.0
3;"zona 5";38;2020;"38-2020";56;0;67823;4;1;"Alimentos y Abarrotes";9;8.1;0;2.03;1.1111;8373.21
38;"zona 12";20;2020;"20-2020";52;0;144629;4;0;"Retail";18;10.2;0;2.54;1.7647;14179.31
8;"zona 2";5;2020;"5-2020";27;0;76969;4;1;"Alimentos y Abarrotes";6;9.8;0;2.46;0.6122;7853.98
21;"zona 34";51;2020;"51-2020";45;1;150586;4;2;"Comida Rápida";15;24.0;0;5.99;0.625;6274.42
48;"zona 7";45;2020;"45-2020";23;1;146780;6;1;"Alimentos y Abarrotes";19;20.9;0;3.49;0.9091;7022.97
2;"zona 32";24;2021;"24-2021";47;0;101606;4;1;"Oficios y Otros Servicios";8;26.0;0;6.49;0.3077;3907.92
38;"zona 12";34;2021;"34-2021";52;0;165927;5;0;"Retail";22;13.8;0;2.75;1.5942;12023.7
41;"zona 27";49;2020;"49-2020";57;1;184220;4;1;"Alimentos y Abarrotes";14;18.4;0;4.59;0.7609;10011.96
52;"zona 24";18;2021;"18-2021";59;1;70398;5;3;"Oficios y Otros Servicios";8;12.9;0;2.59;0.6202;5457.21
19;"zona 4";19;2021;"19-2021";62;0;526224;5;0;"Alimentos y Abarrotes";40;26.3;0;5.26;1.5209;20008.52
41;"zona 27";25;2021;"25-2021";57;1;76465;5;1;"Alimentos y Abarrotes";6;14.1;0;2.81;0.4255;5423.05
28;"zona 33";1;2020;"1-2020";34;1;110580;3;1;"Alimentos y Abarrotes";11;19.2;0;6.4;0.5729;5759.38
41;"zona 27";12;2020;"12-2020";57;1;214110;4;1;"Alimentos y Abarrotes";16;18.7;0;4.67;0.8556;11449.73
7;"zona 28";4;2021;"4-2021";36;1;165538;4;2;"Vestuario";16;24.5;0;6.13;0.6531;6756.65
31;"zona 31";41;2020;"41-2020";53;1;130049;3;1;"Comida Rápida";9;15.5;0;5.16;0.5806;8390.26
9;"zona 16";48;2020;"48-2020";27;1;102370;4;3;"Comida Rápida";9;11.4;0;2.86;0.7895;8979.82
55;"zona 19";25;2020;"25-2020";30;1;129165;5;1;"Comida Rápida";10;23.2;0;4.64;0.431;5567.46
32;"zona 26";5;2020;"5-2020";42;1;89844;4;1;"Alimentos y Abarrotes";12;15.8;0;3.96;0.7595;5686.33
4;"zona 32";14;2021;"14-2021";31;1;78820;5;0;"Alimentos y Abarrotes";9;15.3;0;3.07;0.5882;5151.63
20;"zona 25";28;2020;"28-2020";54;1;183196;4;3;"Vestuario";19;22.7;1;5.68;0.837;8070.31
41;"zona 27";27;2020;"27-2020";57;1;100430;4;1;"Alimentos y Abarrotes";10;19.4;1;4.84;0.5155;5176.8
49;"zona 18";1;2021;"1-2021";46;0;258836;4;1;"Comida Rápida";24;25.6;0;6.4;0.9375;10110.78
9;"zona 16";18;2020;"18-2020";27;1;113900;3;3;"Comida Rápida";9;13.5;1;4.49;0.6667;8437.04
38;"zona 12";1;2020;"1-2020";52;0;127625;5;0;"Retail";11;14.9;0;2.97;0.7383;8565.44
60;"zona 29";23;2021;"23-2021";33;1;215121;5;2;"Vestuario";16;25.2;0;5.03;0.6349;8536.55
40;"zona 29";10;2020;"10-2020";39;1;62857;3;1;"Retail";6;8.2;0;2.74;0.7317;7665.49
55;"zona 19";43;2020;"43-2020";30;1;169638;4;1;"Comida Rápida";13;17.3;0;4.33;0.7514;9805.66
55;"zona 19";33;2021;"33-2021";30;1;119153;3;1;"Comida Rápida";11;14.9;0;4.98;0.7383;7996.85
46;"zona 7";48;2020;"48-2020";52;1;246609;5;2;"Vestuario";22;19.4;0;3.89;1.134;12711.8
41;"zona 27";4;2021;"4-2021";57;1;186400;6;1;"Alimentos y Abarrotes";15;26.3;0;4.38;0.5703;7087.45
14;"zona 6";42;2021;"42-2021";40;1;335023;3;1;"Alimentos y Abarrotes";37;17.2;0;5.75;2.1512;19478.08
47;"zona 10";49;2020;"49-2020";30;0;163649;4;2;"Alimentos y Abarrotes";16;18.4;0;4.59;0.8696;8893.97
7;"zona 28";35;2021;"35-2021";36;1;113202;4;2;"Vestuario";12;16.8;0;4.2;0.7143;6738.21
34;"zona 2";2;2020;"2-2020";52;1;174154;5;0;"Alimentos y Abarrotes";13;24.6;0;4.92;0.5285;7079.43
16;"zona 18";7;2020;"7-2020";61;0;179793;5;1;"Comida Rápida";16;29.0;0;5.8;0.5517;6199.76
58;"zona 13";6;2020;"6-2020";55;1;178499;5;2;"Alimentos y Abarrotes";19;26.3;0;5.27;0.7224;6787.03
43;"zona 7";36;2020;"36-2020";26;1;104361;3;1;"Retail";9;10.6;0;3.52;0.8491;9845.38
55;"zona 19";23;2021;"23-2021";30;1;65046;3;1;"Comida Rápida";7;8.9;0;2.98;0.7865;7308.54
52;"zona 24";44;2020;"44-2020";59;1;115931;5;3;"Oficios y Otros Servicios";13;18.6;0;3.72;0.6989;6232.85
14;"zona 6";17;2020;"17-2020";40;1;167938;6;1;"Alimentos y Abarrotes";17;22.0;1;3.66;0.7727;7633.55
7;"zona 28";41;2021;"41-2021";36;1;80048;4;2;"Vestuario";9;13.0;0;3.24;0.6923;6157.54
40;"zona 29";38;2020;"38-2020";39;1;145392;5;1;"Retail";11;30.6;0;6.13;0.3595;4751.37
58;"zona 13";22;2021;"22-2021";55;1;162974;3;2;"Alimentos y Abarrotes";14;16.8;0;5.61;0.8333;9700.83
21;"zona 34";17;2021;"17-2021";45;1;89437;3;2;"Comida Rápida";7;16.2;0;5.39;0.4321;5520.8
37;"zona 7";27;2020;"27-2020";22;1;317435;6;2;"Alimentos y Abarrotes";33;35.2;0;5.87;0.9375;9018.04
17;"zona 26";6;2021;"6-2021";26;1;121995;6;0;"Oficios y Otros Servicios";11;34.8;0;5.8;0.3161;3505.6
52;"zona 24";19;2020;"19-2020";59;1;28975;3;3;"Oficios y Otros Servicios";3;8.5;1;2.84;0.3529;3408.82
15;"zona 24";18;2020;"18-2020";56;0;174509;4;0;"Oficios y Otros Servicios";22;25.8;0;6.44;0.8527;6763.91
38;"zona 12";28;2021;"28-2021";52;0;140333;6;0;"Retail";16;14.2;0;2.37;1.1268;9882.61
53;"zona 13";14;2020;"14-2020";42;1;176408;6;1;"Vestuario";19;29.5;1;4.91;0.6441;5979.93
32;"zona 26";48;2020;"48-2020";42;1;107270;6;1;"Alimentos y Abarrotes";12;20.6;0;3.43;0.5825;5207.28
3;"zona 5";22;2020;"22-2020";56;0;93538;4;1;"Alimentos y Abarrotes";8;13.0;1;3.25;0.6154;7195.23
59;"zona 12";26;2021;"26-2021";52;1;83706;4;2;"Alimentos y Abarrotes";8;21.5;0;5.38;0.3721;3893.3
19;"zona 4";42;2020;"42-2020";62;0;124012;6;0;"Alimentos y Abarrotes";9;25.7;0;4.29;0.3502;4825.37
40;"zona 29";21;2020;"21-2020";39;1;188730;4;1;"Retail";21;25.4;1;6.36;0.8268;7430.31
46;"zona 7";33;2021;"33-2021";52;1;206023;5;2;"Vestuario";26;29.0;0;5.8;0.8966;7104.24
27;"zona 8";34;2021;"34-2021";43;1;90571;5;1;"Comida Rápida";8;11.8;0;2.35;0.678;7675.51
58;"zona 13";18;2020;"18-2020";55;1;145154;5;2;"Alimentos y Abarrotes";20;25.0;0;5.01;0.8;5806.16
30;"zona 1";17;2021;"17-2021";35;0;465264;6;0;"Vestuario";57;38.1;0;6.35;1.4961;12211.65
6;"zona 21";44;2021;"44-2021";49;0;127077;4;1;"Comida Rápida";18;19.1;0;4.77;0.9424;6653.25
27;"zona 8";28;2021;"28-2021";43;1;100137;5;1;"Comida Rápida";13;12.0;0;2.39;1.0833;8344.75
12;"zona 5";45;2020;"45-2020";39;0;83743;4;1;"Retail";11;18.3;0;4.57;0.6011;4576.12
55;"zona 19";14;2021;"14-2021";30;1;62674;4;1;"Comida Rápida";8;11.4;0;2.84;0.7018;5497.72
57;"zona 17";39;2021;"39-2021";52;0;180732;6;0;"Retail";21;19.0;0;3.16;1.1053;9512.21
51;"zona 26";10;2021;"10-2021";43;0;63618;3;1;"Comida Rápida";8;15.1;0;5.02;0.5298;4213.11
22;"zona 11";16;2020;"16-2020";50;1;73711;3;3;"Alimentos y Abarrotes";5;10.9;0;3.62;0.4587;6762.48
47;"zona 10";10;2021;"10-2021";30;0;191424;5;2;"Alimentos y Abarrotes";19;29.4;0;5.88;0.6463;6511.02
7;"zona 28";47;2021;"47-2021";36;1;252859;4;2;"Vestuario";23;23.1;0;5.78;0.9957;10946.28
1;"zona 8";24;2020;"24-2020";23;0;213042;5;1;"Alimentos y Abarrotes";19;25.8;1;5.16;0.7364;8257.44
22;"zona 11";13;2021;"13-2021";50;1;64304;3;3;"Alimentos y Abarrotes";7;7.8;0;2.61;0.8974;8244.1
59;"zona 12";12;2021;"12-2021";52;1;91222;5;2;"Alimentos y Abarrotes";10;15.3;0;3.07;0.6536;5962.22
11;"zona 2";30;2020;"30-2020";39;1;172634;6;1;"Retail";22;17.2;1;2.86;1.2791;10036.86
11;"zona 2";27;2021;"27-2021";39;1;165990;6;1;"Retail";18;19.8;0;3.3;0.9091;8383.33
49;"zona 18";21;2021;"21-2021";46;0;92610;4;1;"Comida Rápida";9;14.0;0;3.49;0.6429;6615.0
31;"zona 31";51;2020;"51-2020";53;1;74609;3;1;"Comida Rápida";8;12.8;0;4.25;0.625;5828.83
5;"zona 4";22;2020;"22-2020";27;0;113560;5;0;"Retail";10;13.7;0;2.73;0.7299;8289.05
23;"zona 9";46;2021;"46-2021";61;0;137393;4;1;"Alimentos y Abarrotes";12;14.2;0;3.56;0.8451;9675.56
16;"zona 18";28;2020;"28-2020";61;0;185085;4;1;"Comida Rápida";15;15.4;1;3.86;0.974;12018.51
4;"zona 32";4;2020;"4-2020";31;1;157038;3;0;"Alimentos y Abarrotes";12;17.5;0;5.83;0.6857;8973.6
9;"zona 16";34;2020;"34-2020";27;1;91570;4;3;"Comida Rápida";7;9.6;0;2.39;0.7292;9538.54
5;"zona 4";18;2020;"18-2020";27;0;61945;3;0;"Retail";7;11.2;1;3.72;0.625;5530.8
19;"zona 4";40;2021;"40-2021";62;0;246415;5;0;"Alimentos y Abarrotes";28;26.9;0;5.39;1.0409;9160.41
2;"zona 32";39;2020;"39-2020";47;0;87395;5;1;"Oficios y Otros Servicios";6;21.0;0;4.2;0.2857;4161.67
27;"zona 8";38;2021;"38-2021";43;1;62667;3;1;"Comida Rápida";5;9.5;0;3.18;0.5263;6596.53
22;"zona 11";2;2020;"2-2020";50;1;175685;4;3;"Alimentos y Abarrotes";22;23.3;0;5.82;0.9442;7540.13
29;"zona 29";41;2020;"41-2020";60;0;166406;6;1;"Retail";14;27.0;0;4.5;0.5185;6163.19
57;"zona 17";46;2021;"46-2021";52;0;299461;3;0;"Retail";30;18.8;0;6.26;1.5957;15928.78
59;"zona 12";24;2021;"24-2021";52;1;203168;5;2;"Alimentos y Abarrotes";15;21.1;0;4.22;0.7109;9628.82
20;"zona 25";51;2021;"51-2021";54;1;43491;4;3;"Vestuario";4;10.5;0;2.62;0.381;4142.0
13;"zona 29";44;2021;"44-2021";32;0;107124;4;0;"Retail";12;9.3;0;2.33;1.2903;11518.71
29;"zona 29";26;2020;"26-2020";60;0;244462;4;1;"Retail";18;21.6;1;5.39;0.8333;11317.69
1;"zona 8";11;2020;"11-2020";23;0;182261;6;1;"Alimentos y Abarrotes";14;22.3;0;3.71;0.6278;8173.14
42;"zona 34";12;2020;"12-2020";45;0;419202;5;2;"Alimentos y Abarrotes";53;30.7;0;6.14;1.7264;13654.79
6;"zona 21";24;2020;"24-2020";49;0;232667;5;1;"Comida Rápida";17;24.0;1;4.8;0.7083;9694.46
14;"zona 6";44;2020;"44-2020";40;1;316868;6;1;"Alimentos y Abarrotes";25;38.1;0;6.35;0.6562;8316.75
48;"zona 7";7;2020;"7-2020";23;1;20548;3;1;"Alimentos y Abarrotes";2;6.1;0;2.04;0.3279;3368.52
25;"zona 20";50;2021;"50-2021";59;1;256943;5;2;"Retail";25;25.9;0;5.17;0.9653;9920.58
56;"zona 27";7;2020;"7-2020";23;1;83835;3;2;"Alimentos y Abarrotes";8;8.7;0;2.91;0.9195;9636.21
45;"zona 21";17;2020;"17-2020";39;0;54205;3;0;"Oficios y Otros Servicios";5;9.8;0;3.28;0.5102;5531.12
17;"zona 26";48;2020;"48-2020";26;1;73027;4;0;"Oficios y Otros Servicios";8;14.8;0;3.69;0.5405;4934.26
6;"zona 21";31;2020;"31-2020";49;0;181106;3;1;"Comida Rápida";15;12.1;0;4.05;1.2397;14967.44
11;"zona 2";29;2021;"29-2021";39;1;100779;6;1;"Retail";9;15.3;0;2.55;0.5882;6586.86
2;"zona 32";10;2020;"10-2020";47;0;126715;4;1;"Oficios y Otros Servicios";13;22.2;0;5.56;0.5856;5707.88
49;"zona 18";1;2020;"1-2020";46;0;142877;4;1;"Comida Rápida";18;17.1;0;4.28;1.0526;8355.38
3;"zona 5";29;2020;"29-2020";56;0;63160;3;1;"Alimentos y Abarrotes";6;6.7;0;2.23;0.8955;9426.87
9;"zona 16";23;2021;"23-2021";27;1;119980;6;3;"Comida Rápida";14;19.3;0;3.22;0.7254;6216.58
2;"zona 32";9;2021;"9-2021";47;0;140845;4;1;"Oficios y Otros Servicios";14;21.4;0;5.35;0.6542;6581.54
19;"zona 4";39;2020;"39-2020";62;0;52426;3;0;"Alimentos y Abarrotes";4;10.2;0;3.39;0.3922;5139.8
44;"zona 31";13;2021;"13-2021";58;0;178304;4;0;"Comida Rápida";19;23.0;0;5.75;0.8261;7752.35
55;"zona 19";11;2021;"11-2021";30;1;182651;4;1;"Comida Rápida";23;18.2;0;4.55;1.2637;10035.77
36;"zona 11";5;2021;"5-2021";42;0;136638;3;2;"Alimentos y Abarrotes";10;11.4;0;3.81;0.8772;11985.79
40;"zona 29";2;2021;"2-2021";39;1;187793;6;1;"Retail";23;30.4;0;5.07;0.7566;6177.4
45;"zona 21";29;2020;"29-2020";39;0;285756;6;0;"Oficios y Otros Servicios";35;32.0;1;5.33;1.0938;8929.88
26;"zona 18";3;2020;"3-2020";40;1;80189;6;1;"Oficios y Otros Servicios";6;33.3;0;5.55;0.1802;2408.08
36;"zona 11";42;2021;"42-2021";42;0;116676;4;2;"Alimentos y Abarrotes";13;20.6;0;5.16;0.6311;5663.88
53;"zona 13";35;2020;"35-2020";42;1;172758;3;1;"Vestuario";16;14.7;0;4.89;1.0884;11752.24
37;"zona 7";21;2020;"21-2020";22;1;158810;5;2;"Alimentos y Abarrotes";20;13.1;1;2.62;1.5267;12122.9
7;"zona 28";11;2021;"11-2021";36;1;546343;6;2;"Vestuario";61;24.2;0;4.03;2.5207;22576.16
17;"zona 26";14;2021;"14-2021";26;1;96302;4;0;"Oficios y Otros Servicios";9;21.8;0;5.44;0.4128;4417.52
50;"zona 27";33;2021;"33-2021";24;1;118594;4;0;"Alimentos y Abarrotes";9;19.8;0;4.95;0.4545;5989.6
11;"zona 2";8;2021;"8-2021";39;1;422915;6;1;"Retail";57;35.3;0;5.89;1.6147;11980.59
4;"zona 32";46;2020;"46-2020";31;1;101539;5;0;"Alimentos y Abarrotes";10;14.6;0;2.92;0.6849;6954.73
47;"zona 10";3;2020;"3-2020";30;0;217214;5;2;"Alimentos y Abarrotes";20;31.3;0;6.27;0.639;6939.74
51;"zona 26";13;2020;"13-2020";43;0;137323;4;1;"Comida Rápida";12;19.2;0;4.81;0.625;7152.24
16;"zona 18";28;2021;"28-2021";61;0;198203;5;1;"Comida Rápida";15;25.0;0;4.99;0.6;7928.12
31;"zona 31";51;2021;"51-2021";53;1;174158;6;1;"Comida Rápida";20;14.2;0;2.36;1.4085;12264.65
43;"zona 7";43;2021;"43-2021";26;1;88840;5;1;"Retail";8;16.7;0;3.34;0.479;5319.76
37;"zona 7";41;2021;"41-2021";22;1;134890;3;2;"Alimentos y Abarrotes";14;13.1;0;4.38;1.0687;10296.95
56;"zona 27";34;2021;"34-2021";23;1;76548;6;2;"Alimentos y Abarrotes";9;22.0;0;3.67;0.4091;3479.45
54;"zona 23";52;2021;"52-2021";35;1;120245;5;2;"Oficios y Otros Servicios";10;31.5;0;6.31;0.3175;3817.3
39;"zona 27";16;2020;"16-2020";36;1;131408;5;2;"Alimentos y Abarrotes";14;30.9;1;6.17;0.4531;4252.69
40;"zona 29";52;2020;"52-2020";39;1;65727;4;1;"Retail";7;10.2;0;2.55;0.6863;6443.82
35;"zona 6";50;2020;"50-2020";30;1;116391;4;0;"Alimentos y Abarrotes";9;11.8;0;2.94;0.7627;9863.64
44;"zona 31";10;2020;"10-2020";58;0;167188;3;0;"Comida Rápida";19;18.5;0;6.16;1.027;9037.19
30;"zona 1";48;2020;"48-2020";35;0;92627;4;0;"Vestuario";8;8.3;0;2.07;0.9639;11159.88
14;"zona 6";45;2021;"45-2021";40;1;113458;5;1;"Alimentos y Abarrotes";11;24.6;0;4.92;0.4472;4612.11
56;"zona 27";39;2020;"39-2020";23;1;95651;3;2;"Alimentos y Abarrotes";7;8.4;0;2.8;0.8333;11387.02
25;"zona 20";46;2021;"46-2021";59;1;106402;5;2;"Retail";14;20.7;0;4.14;0.6763;5140.19
5;"zona 4";27;2020;"27-2020";27;0;219382;5;0;"Retail";18;27.6;1;5.52;0.6522;7948.62
15;"zona 24";46;2021;"46-2021";56;0;44178;6;0;"Oficios y Otros Servicios";6;14.0;0;2.33;0.4286;3155.57
13;"zona 29";31;2021;"31-2021";32;0;95046;3;0;"Retail";7;9.2;0;3.07;0.7609;10331.09
22;"zona 11";8;2020;"8-2020";50;1;99017;3;3;"Alimentos y Abarrotes";9;15.9;0;5.31;0.566;6227.48
57;"zona 17";12;2021;"12-2021";52;0;90290;5;0;"Retail";8;22.6;0;4.52;0.354;3995.13
37;"zona 7";50;2021;"50-2021";22;1;124999;3;2;"Alimentos y Abarrotes";12;17.5;0;5.82;0.6857;7142.8
56;"zona 27";51;2021;"51-2021";23;1;216070;6;2;"Alimentos y Abarrotes";22;21.5;0;3.58;1.0233;10049.77
41;"zona 27";35;2021;"35-2021";57;1;92211;5;1;"Alimentos y Abarrotes";9;13.9;0;2.79;0.6475;6633.88
10;"zona 32";39;2021;"39-2021";28;0;60207;4;1;"Oficios y Otros Servicios";7;22.0;0;5.49;0.3182;2736.68
15;"zona 24";4;2020;"4-2020";56;0;55521;5;0;"Oficios y Otros Servicios";7;15.5;0;3.1;0.4516;3582.0
23;"zona 9";11;2020;"11-2020";61;0;263708;5;1;"Alimentos y Abarrotes";37;28.9;0;5.79;1.2803;9124.84
25;"zona 20";40;2021;"40-2021";59;1;96696;6;2;"Retail";11;17.2;0;2.87;0.6395;5621.86
32;"zona 26";22;2021;"22-2021";42;1;180109;6;1;"Alimentos y Abarrotes";14;33.7;0;5.62;0.4154;5344.48
24;"zona 33";19;2021;"19-2021";57;1;76214;3;0;"Alimentos y Abarrotes";6;17.4;0;5.81;0.3448;4380.11
11;"zona 2";6;2021;"6-2021";39;1;325608;4;1;"Retail";42;25.9;0;6.47;1.6216;12571.74
22;"zona 11";50;2020;"50-2020";50;1;77288;5;3;"Alimentos y Abarrotes";8;18.1;0;3.63;0.442;4270.06
54;"zona 23";21;2020;"21-2020";35;1;91683;5;2;"Oficios y Otros Servicios";8;23.8;1;4.77;0.3361;3852.23
1;"zona 8";52;2021;"52-2021";23;0;260229;3;1;"Alimentos y Abarrotes";27;15.8;0;5.28;1.7089;16470.19
46;"zona 7";17;2021;"17-2021";52;1;282840;6;2;"Vestuario";20;22.9;0;3.82;0.8734;12351.09
14;"zona 6";48;2021;"48-2021";40;1;171592;5;1;"Alimentos y Abarrotes";14;28.1;0;5.62;0.4982;6106.48
53;"zona 13";23;2020;"23-2020";42;1;115477;3;1;"Vestuario";13;9.9;0;3.3;1.3131;11664.34
17;"zona 26";12;2021;"12-2021";26;1;96407;4;0;"Oficios y Otros Servicios";8;14.8;0;3.71;0.5405;6513.99
46;"zona 7";22;2020;"22-2020";52;1;209935;4;2;"Vestuario";15;20.4;0;5.09;0.7353;10290.93
25;"zona 20";27;2020;"27-2020";59;1;328465;6;2;"Retail";41;35.6;1;5.93;1.1517;9226.54
44;"zona 31";27;2021;"27-2021";58;0;157671;5;0;"Comida Rápida";22;18.6;0;3.72;1.1828;8476.94
49;"zona 18";28;2020;"28-2020";46;0;190378;4;1;"Comida Rápida";24;16.7;0;4.17;1.4371;11399.88
18;"zona 26";5;2020;"5-2020";41;0;42577;3;3;"Alimentos y Abarrotes";5;13.2;0;4.39;0.3788;3225.53
28;"zona 33";30;2020;"30-2020";34;1;92810;6;1;"Alimentos y Abarrotes";7;24.4;1;4.06;0.2869;3803.69
43;"zona 7";49;2021;"49-2021";26;1;128543;4;1;"Retail";10;18.0;0;4.49;0.5556;7141.28
28;"zona 33";3;2020;"3-2020";34;1;150863;6;1;"Alimentos y Abarrotes";14;28.6;0;4.77;0.4895;5274.93
40;"zona 29";29;2020;"29-2020";39;1;155578;5;1;"Retail";14;29.2;1;5.84;0.4795;5328.01
1;"zona 8";41;2021;"41-2021";23;0;191839;5;1;"Alimentos y Abarrotes";22;23.0;0;4.6;0.9565;8340.83
52;"zona 24";32;2021;"32-2021";59;1;77600;5;3;"Oficios y Otros Servicios";6;11.7;0;2.33;0.5128;6632.48
59;"zona 12";21;2021;"21-2021";52;1;25121;3;2;"Alimentos y Abarrotes";3;6.1;0;2.05;0.4918;4118.2
17;"zona 26";18;2021;"18-2021";26;1;73346;4;0;"Oficios y Otros Servicios";8;21.6;0;5.4;0.3704;3395.65
20;"zona 25";49;2020;"49-2020";54;1;87101;6;3;"Vestuario";8;24.1;0;4.02;0.332;3614.15
54;"zona 23";18;2021;"18-2021";35;1;64033;5;2;"Oficios y Otros Servicios";7;13.0;0;2.6;0.5385;4925.62
49;"zona 18";31;2020;"31-2020";46;0;123760;6;1;"Comida Rápida";14;15.1;0;2.51;0.9272;8196.03
44;"zona 31";12;2021;"12-2021";58;0;273177;4;0;"Comida Rápida";27;25.5;0;6.37;1.0588;10712.82
47;"zona 10";1;2021;"1-2021";30;0;202540;5;2;"Alimentos y Abarrotes";29;27.1;0;5.41;1.0701;7473.8
30;"zona 1";11;2021;"11-2021";35;0;199433;4;0;"Vestuario";18;21.0;0;5.24;0.8571;9496.81
1;"zona 8";44;2020;"44-2020";23;0;68590;3;1;"Alimentos y Abarrotes";6;14.0;0;4.66;0.4286;4899.29
1;"zona 8";6;2021;"6-2021";23;0;151714;4;1;"Alimentos y Abarrotes";12;23.6;0;5.9;0.5085;6428.56
18;"zona 26";50;2020;"50-2020";41;0;196784;6;3;"Alimentos y Abarrotes";17;24.5;0;4.09;0.6939;8032.0
9;"zona 16";7;2021;"7-2021";27;1;86922;4;3;"Comida Rápida";7;13.3;0;3.33;0.5263;6535.49
15;"zona 24";30;2021;"30-2021";56;0;39949;3;0;"Oficios y Otros Servicios";3;6.8;0;2.27;0.4412;5874.85
24;"zona 33";24;2021;"24-2021";57;1;74883;3;0;"Alimentos y Abarrotes";7;11.4;0;3.8;0.614;6568.68
21;"zona 34";47;2020;"47-2020";45;1;147890;6;2;"Comida Rápida";14;14.2;0;2.36;0.9859;10414.79
18;"zona 26";38;2021;"38-2021";41;0;48797;3;3;"Alimentos y Abarrotes";7;10.7;0;3.58;0.6542;4560.47
56;"zona 27";6;2020;"6-2020";23;1;313661;6;2;"Alimentos y Abarrotes";45;29.8;0;4.97;1.5101;10525.54
6;"zona 21";17;2020;"17-2020";49;0;182423;6;1;"Comida Rápida";15;12.1;1;2.01;1.2397;15076.28
46;"zona 7";8;2021;"8-2021";52;1;142649;6;2;"Vestuario";13;13.4;0;2.24;0.9701;10645.45
13;"zona 29";41;2020;"41-2020";32;0;87485;3;0;"Retail";7;10.2;0;3.39;0.6863;8576.96
57;"zona 17";7;2020;"7-2020";52;0;380334;4;0;"Retail";34;17.2;0;4.29;1.9767;22112.44
28;"zona 33";35;2020;"35-2020";34;1;72056;3;1;"Alimentos y Abarrotes";6;18.6;0;6.21;0.3226;3873.98
20;"zona 25";8;2021;"8-2021";54;1;99740;5;3;"Vestuario";9;15.3;0;3.07;0.5882;6518.95
57;"zona 17";37;2021;"37-2021";52;0;362619;5;0;"Retail";43;23.8;0;4.75;1.8067;15236.09
31;"zona 31";20;2020;"20-2020";53;1;73581;3;1;"Comida Rápida";7;14.8;0;4.94;0.473;4971.69
52;"zona 24";43;2020;"43-2020";59;1;102174;5;3;"Oficios y Otros Servicios";9;17.5;0;3.49;0.5143;5838.51
37;"zona 7";5;2020;"5-2020";22;1;64865;3;2;"Alimentos y Abarrotes";8;14.2;0;4.75;0.5634;4567.96
58;"zona 13";40;2020;"40-2020";55;1;98151;4;2;"Alimentos y Abarrotes";7;20.1;0;5.03;0.3483;4883.13
25;"zona 20";35;2021;"35-2021";59;1;392899;5;2;"Retail";33;22.3;0;4.46;1.4798;17618.79
33;"zona 9";21;2021;"21-2021";41;1;331892;4;1;"Vestuario";28;25.4;0;6.34;1.1024;13066.61
50;"zona 27";33;2021;"33-2021";24;1;179684;6;0;"Alimentos y Abarrotes";21;23.3;0;3.88;0.9013;7711.76
37;"zona 7";45;2021;"45-2021";22;1;86539;4;2;"Alimentos y Abarrotes";7;16.6;0;4.15;0.4217;5213.19
43;"zona 7";20;2020;"20-2020";26;1;222362;6;1;"Retail";21;25.2;0;4.2;0.8333;8823.89
36;"zona 11";41;2021;"41-2021";42;0;252269;5;2;"Alimentos y Abarrotes";33;26.3;0;5.27;1.2548;9591.98
26;"zona 18";42;2021;"42-2021";40;1;117890;6;1;"Oficios y Otros Servicios";13;36.0;0;6.0;0.3611;3274.72
34;"zona 2";23;2020;"23-2020";52;1;339519;6;0;"Alimentos y Abarrotes";37;28.7;1;4.78;1.2892;11829.93
34;"zona 2";29;2020;"29-2020";52;1;59491;6;0;"Alimentos y Abarrotes";5;12.1;1;2.02;0.4132;4916.61
11;"zona 2";34;2021;"34-2021";39;1;183580;6;1;"Retail";16;36.7;0;6.12;0.436;5002.18
54;"zona 23";12;2020;"12-2020";35;1;113995;3;2;"Oficios y Otros Servicios";11;17.4;0;5.79;0.6322;6551.44
40;"zona 29";52;2020;"52-2020";39;1;159140;5;1;"Retail";13;12.8;0;2.55;1.0156;12432.81
8;"zona 2";23;2020;"23-2020";27;0;77423;5;1;"Alimentos y Abarrotes";8;11.6;1;2.31;0.6897;6674.4
26;"zona 18";40;2020;"40-2020";40;1;78601;4;1;"Oficios y Otros Servicios";7;12.4;0;3.09;0.5645;6338.79
32;"zona 26";6;2021;"6-2021";42;1;199923;5;1;"Alimentos y Abarrotes";25;27.9;0;5.59;0.8961;7165.7
16;"zona 18";43;2021;"43-2021";61;0;58013;3;1;"Comida Rápida";8;11.6;0;3.85;0.6897;5001.12
54;"zona 23";49;2020;"49-2020";35;1;124427;6;2;"Oficios y Otros Servicios";11;29.4;0;4.9;0.3741;4232.21
31;"zona 31";35;2021;"35-2021";53;1;50387;3;1;"Comida Rápida";4;8.4;0;2.81;0.4762;5998.45
50;"zona 27";7;2021;"7-2021";24;1;131783;5;0;"Alimentos y Abarrotes";11;23.8;0;4.75;0.4622;5537.1
27;"zona 8";45;2021;"45-2021";43;1;163418;3;1;"Comida Rápida";19;14.6;0;4.87;1.3014;11193.01
28;"zona 33";8;2021;"8-2021";34;1;121914;4;1;"Alimentos y Abarrotes";12;20.9;0;5.23;0.5742;5833.21
50;"zona 27";30;2020;"30-2020";24;1;167938;6;0;"Alimentos y Abarrotes";22;31.3;1;5.22;0.7029;5365.43
19;"zona 4";50;2021;"50-2021";62;0;70714;6;0;"Alimentos y Abarrotes";7;17.2;0;2.86;0.407;4111.28
53;"zona 13";41;2020;"41-2020";42;1;86292;3;1;"Vestuario";7;8.9;0;2.95;0.7865;9695.73
49;"zona 18";29;2021;"29-2021";46;0;108704;5;1;"Comida Rápida";14;12.6;0;2.53;1.1111;8627.3
21;"zona 34";45;2021;"45-2021";45;1;290048;6;2;"Comida Rápida";32;29.0;0;4.84;1.1034;10001.66
38;"zona 12";32;2020;"32-2020";52;0;189922;6;0;"Retail";15;25.8;0;4.3;0.5814;7361.32
2;"zona 32";16;2021;"16-2021";47;0;57677;3;1;"Oficios y Otros Servicios";5;9.2;0;3.08;0.5435;6269.24
2;"zona 32";33;2021;"33-2021";47;0;54605;4;1;"Oficios y Otros Servicios";4;17.1;0;4.28;0.2339;3193.27
10;"zona 32";28;2020;"28-2020";28;0;74228;4;1;"Oficios y Otros Servicios";7;19.6;1;4.91;0.3571;3787.14
48;"zona 7";30;2021;"30-2021";23;1;24473;3;1;"Alimentos y Abarrotes";3;7.4;0;2.45;0.4054;3307.16
30;"zona 1";1;2020;"1-2020";35;0;144783;4;0;"Vestuario";12;17.1;0;4.28;0.7018;8466.84
8;"zona 2";20;2020;"20-2020";27;0;222522;3;1;"Alimentos y Abarrotes";23;18.5;1;6.18;1.2432;12028.22
8;"zona 2";18;2021;"18-2021";27;0;106568;6;1;"Alimentos y Abarrotes";9;18.8;0;3.14;0.4787;5668.51
36;"zona 11";14;2021;"14-2021";42;0;250357;6;2;"Alimentos y Abarrotes";28;34.3;0;5.71;0.8163;7299.04
26;"zona 18";42;2021;"42-2021";40;1;99872;5;1;"Oficios y Otros Servicios";11;26.8;0;5.36;0.4104;3726.57
17;"zona 26";50;2021;"50-2021";26;1;86034;3;0;"Oficios y Otros Servicios";8;17.9;0;5.98;0.4469;4806.37
42;"zona 34";11;2020;"11-2020";45;0;137817;6;2;"Alimentos y Abarrotes";15;14.0;0;2.33;1.0714;9844.07
15;"zona 24";18;2021;"18-2021";56;0;111646;4;0;"Oficios y Otros Servicios";10;25.4;0;6.36;0.3937;4395.51
14;"zona 6";51;2020;"51-2020";40;1;59384;5;1;"Alimentos y Abarrotes";6;21.9;0;4.39;0.274;2711.6
18;"zona 26";19;2021;"19-2021";41;0;118161;3;3;"Alimentos y Abarrotes";11;14.7;0;4.9;0.7483;8038.16
23;"zona 9";50;2020;"50-2020";61;0;88766;4;1;"Alimentos y Abarrotes";11;15.8;0;3.95;0.6962;5618.1
51;"zona 26";44;2021;"44-2021";43;0;246359;5;1;"Comida Rápida";32;29.8;0;5.95;1.0738;8267.08
53;"zona 13";36;2020;"36-2020";42;1;136452;4;1;"Vestuario";15;10.2;0;2.55;1.4706;13377.65
38;"zona 12";6;2021;"6-2021";52;0;175024;4;0;"Retail";16;25.5;0;6.38;0.6275;6863.69
10;"zona 32";15;2020;"15-2020";28;0;141718;5;1;"Oficios y Otros Servicios";11;25.8;1;5.16;0.4264;5492.95
18;"zona 26";29;2020;"29-2020";41;0;99471;4;3;"Alimentos y Abarrotes";13;13.8;0;3.45;0.942;7208.04
30;"zona 1";34;2020;"34-2020";35;0;99155;3;0;"Vestuario";13;17.3;0;5.78;0.7514;5731.5
12;"zona 5";35;2021;"35-2021";39;0;80580;3;1;"Retail";9;14.3;0;4.78;0.6294;5634.97
10;"zona 32";16;2020;"16-2020";28;0;40723;3;1;"Oficios y Otros Servicios";4;8.1;1;2.7;0.4938;5027.53
59;"zona 12";15;2020;"15-2020";52;1;96965;4;2;"Alimentos y Abarrotes";12;23.0;1;5.76;0.5217;4215.87
3;"zona 5";26;2020;"26-2020";56;0;148417;4;1;"Alimentos y Abarrotes";15;14.8;0;3.71;1.0135;10028.18
7;"zona 28";49;2021;"49-2021";36;1;327708;6;2;"Vestuario";26;28.6;0;4.76;0.9091;11458.32
54;"zona 23";47;2021;"47-2021";35;1;122864;3;2;"Oficios y Otros Servicios";11;15.8;0;5.27;0.6962;7776.2
8;"zona 2";49;2020;"49-2020";27;0;108572;3;1;"Alimentos y Abarrotes";9;18.8;0;6.27;0.4787;5775.11
11;"zona 2";32;2020;"32-2020";39;1;74540;5;1;"Retail";5;21.4;0;4.29;0.2336;3483.18
12;"zona 5";42;2021;"42-2021";39;0;146989;3;1;"Retail";12;17.5;0;5.83;0.6857;8399.37
46;"zona 7";52;2020;"52-2020";52;1;386358;6;2;"Vestuario";33;29.8;0;4.97;1.1074;12965.03
19;"zona 4";13;2021;"13-2021";62;0;199309;5;0;"Alimentos y Abarrotes";16;25.2;0;5.05;0.6349;7909.09
24;"zona 33";10;2021;"10-2021";57;1;93959;4;0;"Alimentos y Abarrotes";7;13.9;0;3.48;0.5036;6759.64
10;"zona 32";29;2021;"29-2021";28;0;79030;5;1;"Oficios y Otros Servicios";8;14.2;0;2.83;0.5634;5565.49
29;"zona 29";16;2021;"16-2021";60;0;237594;4;1;"Retail";18;13.4;0;3.35;1.3433;17730.9
27;"zona 8";31;2020;"31-2020";43;1;190675;4;1;"Comida Rápida";16;16.2;0;4.05;0.9877;11770.06
15;"zona 24";38;2020;"38-2020";56;0;66632;4;0;"Oficios y Otros Servicios";5;22.6;0;5.66;0.2212;2948.32
3;"zona 5";27;2021;"27-2021";56;0;284220;6;1;"Alimentos y Abarrotes";23;35.3;0;5.89;0.6516;8051.56
21;"zona 34";7;2021;"7-2021";45;1;61394;3;2;"Comida Rápida";5;10.4;0;3.48;0.4808;5903.27
20;"zona 25";52;2020;"52-2020";54;1;124046;4;3;"Vestuario";13;23.7;0;5.93;0.5485;5234.01
48;"zona 7";8;2021;"8-2021";23;1;64839;5;1;"Alimentos y Abarrotes";6;20.6;0;4.13;0.2913;3147.52
52;"zona 24";3;2020;"3-2020";59;1;162886;4;3;"Oficios y Otros Servicios";14;24.7;0;6.18;0.5668;6594.57
60;"zona 29";51;2021;"51-2021";33;1;192464;6;2;"Vestuario";20;20.1;0;3.35;0.995;9575.32
42;"zona 34";47;2021;"47-2021";45;0;146160;5;2;"Alimentos y Abarrotes";10;12.8;0;2.57;0.7812;11418.75
51;"zona 26";44;2021;"44-2021";43;0;78249;5;1;"Comida Rápida";8;13.3;0;2.66;0.6015;5883.38
31;"zona 31";5;2021;"5-2021";53;1;53046;5;1;"Comida Rápida";6;13.7;0;2.73;0.438;3871.97
45;"zona 21";20;2021;"20-2021";39;0;182661;6;0;"Oficios y Otros Servicios";20;27.8;0;4.63;0.7194;6570.54
